"p.value"	"fc"
"1"	0.00320575208602913	1.36029693110262
"2"	0.00562520700544083	1.9341923676227
"3"	0.811334442725943	1.0475926699781
"4"	0.00289473986122706	1.34332329998295
"5"	0.256601881310175	1.21618979131781
"6"	0.259893237774954	1.25290686078543
"7"	0.0452234718338592	1.25927765779229
"8"	0.249066623609581	1.24914140244528
"9"	0.249421987791179	1.23521981339729
"10"	6.23222591313556e-05	5.75237785453252
"11"	0.247271889110377	1.22609943541456
"12"	0.542046992130632	1.12077042290421
"13"	0.0160152498635785	1.24395309380112
"14"	0.0519665611375961	1.29563918894624
"15"	0.00114593955538255	1.67318406694904
"16"	0.0108092330565489	1.62745761767572
"17"	0.678744991042499	1.19554309357502
"18"	0.480563373600307	1.24235413232994
"19"	0.749708280741052	-1.04042004375391
"20"	0.0124546392280687	1.24065621534386
"21"	0.208785749686191	-1.34211621946561
"22"	5.69744765856633e-06	5.9103771615391
"23"	0.0581944790049352	-1.23697089080733
"24"	0.00477007154326224	1.61445305200626
"25"	0.533792321400803	-1.11932022068649
"26"	0.112946477483272	-1.21255164042285
"27"	0.0305848238669761	1.57484800136995
"28"	0.136996716296391	2.09595500450222
"29"	0.0332955961233902	2.66458498423542
"30"	0.152306331986231	-2.141109254028
"31"	0.199088291377219	1.22915223965719
"32"	0.254073321475112	1.23385686620283
"33"	0.00756603758129347	1.64448409315171
"34"	0.217740090323876	1.22137901986006
"35"	0.753261145981868	-1.053742244103
"36"	0.855535198301534	-1.06341918115803
"37"	0.0901582941847295	1.40378458308798
"38"	0.10593091482216	2.05999647386881
"39"	0.640320744696628	-1.22366799262356
"40"	0.0236899816103412	1.47336015879272
"41"	0.000186198170962784	11.3311744785076
"42"	0.0165913182703472	1.69985129770271
"43"	0.370254629737806	1.57811650616793
"44"	0.0227673075030193	1.32423639248346
"45"	0.44198787795178	-1.36676584495582
"46"	0.167636883180874	-1.20666121948718
"47"	0.992468917316918	1.00326300541434
"48"	0.0306226248676923	1.49339018817342
"49"	0.621203970251009	1.12864870094569
"50"	0.0665195374461004	1.69673148292109
"51"	0.664387404128053	1.11306996366444
"52"	0.927555214325315	-1.04567466719541
"53"	0.101409275590736	1.81257089353358
"54"	0.0723150004134154	-1.44838985616954
"55"	0.281521769106811	1.48358385313662
"56"	0.206638195603902	1.53683793241773
"57"	0.651361271668405	-1.05531065273718
"58"	0.0236282629380037	2.50309435149541
"59"	0.0243115865558978	1.41982247933625
"60"	0.104008380953794	-2.03269243234264
"61"	0.967575533718021	-1.00768020712924
"62"	0.552242127786618	1.3289254116792
"63"	0.387147397360976	-1.2108805837659
"64"	0.399275205909401	-1.35295586544993
"65"	0.262260137485719	-1.49596106433201
"66"	0.461834425479976	1.44044303672926
"67"	0.412166032547799	1.3460800072781
"68"	0.857209963904716	1.06863700905303
"69"	0.097023909756093	1.47000140745941
"70"	0.401721285571101	1.30752954814321
"71"	0.59137829900923	-1.15641975406763
"72"	0.978661745439156	1.01341494574193
"73"	0.197089509705036	1.85593231808542
"74"	0.727276097231119	1.06553306926127
"75"	0.00405783998045059	-1.7727213566653
"76"	0.266386278430041	1.38663303320509
"77"	0.261431270145325	1.39008550760572
"78"	0.00391910182320758	-2.1346874463778
"79"	0.710047329551401	-1.22867616096586
"80"	0.182229440202772	1.20874012519196
"81"	0.00772021858411942	-1.85910444944889
"82"	0.0115073591253216	-2.01599807593447
"83"	0.771728135231593	1.17647153686661
"84"	0.366540051779595	1.2749182886198
"85"	0.995698664578251	-1.00199149942167
"86"	0.852456595157598	-1.06249128375878
"87"	0.00294368827574122	2.1154833268865
"88"	0.0063833039576454	-3.38634735578747
"89"	0.285193815218018	1.34131798538587
"90"	0.442737703288183	-1.38938245245477
"91"	0.485971577168841	1.30587290080141
"92"	0.0953041533212832	1.32931673912647
"93"	0.231749953337354	1.24050502733949
"94"	0.484627211312224	-1.13562663310154
"95"	0.72152658975555	1.13574928419985
"96"	0.1878988652778	1.39479560592644
"97"	0.0727060976741079	-1.42541192969363
"98"	0.239397017200437	1.34436705727286
"99"	0.928991256916172	1.03543790978256
"100"	0.95601544081446	1.00753540999232
"101"	0.060168411293649	-1.45824085471747
"102"	0.467368584568117	-1.19432901471303
"103"	0.0092843552427227	4.67726730136363
"104"	0.32880217496142	1.21440671879511
"105"	0.725259439338556	1.06056789844835
"106"	0.825986824728777	1.11225343094435
"107"	0.985943290035503	1.00297232936776
"108"	0.00185581310656939	-3.6350721630508
"109"	0.34096569754802	1.6248959917106
"110"	0.853804200011945	1.03130606033224
"111"	0.812385494931236	-1.09862933672438
"112"	0.0998846160723436	1.56959318967585
"113"	0.0246097506064805	-1.46048349956862
"114"	0.101898522782434	2.19076633486121
"115"	0.947964830882523	1.01724475079876
"116"	0.865742045575418	1.03805591570809
"117"	0.791403697091245	1.05895291221346
"118"	0.403870539544066	1.39873798401262
"119"	0.0125630925961653	3.04363614175618
"120"	0.174092730955926	-2.09380282449433
"121"	0.848984449377822	1.07933769972746
"122"	0.487856213298168	-1.40439792148885
"123"	0.0162359948386172	-1.85339329896324
"124"	0.00940910582406161	2.29556311869013
"125"	0.275382111559618	-1.31245925332348
"126"	0.431382334521305	-1.13394935770303
"127"	0.583342974514778	1.2443979318885
"128"	0.056253049609302	2.57058839387821
"129"	0.765234164283463	1.08897769507393
"130"	0.474431692064978	1.42619542503947
"131"	0.355782188611483	1.25206629479563
"132"	0.258837399520333	1.25349188317444
"133"	0.377898739529216	-1.55650907307964
"134"	0.624940429002251	1.34498223180352
"135"	0.0371102620748277	1.69066074969585
"136"	0.697372298257278	1.17476141782418
"137"	0.59156466543328	1.30146703922734
"138"	0.000860263565806574	-2.96406946979086
"139"	0.134010886968927	1.40444514149974
"140"	0.206546727098202	-1.90333882925291
"141"	0.0022861525688768	-2.70795063673088
"142"	0.332000689593258	-1.41987715164083
"143"	0.0093810694587645	-1.77334873703332
"144"	0.905468613826237	-1.05282930521424
"145"	0.0555136575826244	2.8007346737294
"146"	0.680020684149641	1.22493706526314
"147"	0.141454884981385	1.31232199268802
"148"	0.859301713054616	-1.05385268640407
"149"	0.00305089735196177	3.35107132100086
"150"	0.182967564167491	-1.68077769038141
"151"	0.000143148878243929	13.5141434277295
"152"	0.121343998693484	2.18258980230439
"153"	0.957218918509095	1.03058175400649
"154"	0.0787288133954229	2.19135712467612
"155"	0.16378561669362	-1.53083080086444
"156"	0.754541220320923	-1.17794864645327
"157"	0.149802907729815	-1.70910951027972
"158"	0.582758370083764	-1.11441433024288
"159"	0.670551093835922	-1.10031545512279
"160"	0.609381410823897	1.2850199020285
"161"	0.0019523470293389	-3.08435856305852
"162"	0.132009327751799	-1.4451047565262
"163"	0.000785397392871597	-3.00213512608772
"164"	0.66945822415943	1.38793140635822
"165"	0.087238777722701	-2.37141684741598
"166"	3.20704148461252e-05	95.9530629437612
"167"	0.142107703135494	2.29168676097479
"168"	0.839831248542228	1.06992557727961
"169"	0.00320265027248422	-3.03385703729719
"170"	0.0297122324417735	-2.86382223954114
"171"	0.608619870478061	-1.09678501166932
"172"	0.583013581742511	1.29376414710064
"173"	0.00462763333990588	3.64692222895369
"174"	0.465230836590002	1.39811311310896
"175"	0.543921914054621	-1.18112765292393
"176"	0.003465033447447	-2.86498798984807
"177"	0.541002831918	1.16497457983948
"178"	0.521007834815053	1.13643294730508
"179"	0.0222214917941667	-1.7411822828081
"180"	0.243484495436506	-1.43064709077543
"181"	0.0294172230630177	2.66740918809286
"182"	0.39686682172606	1.1902929519005
"183"	0.0117874441820991	2.27424517324499
"184"	0.573905512763263	-1.20766446360316
"185"	0.003751338973815	6.13183612121954
"186"	0.738626238101426	-1.12542485029637
"187"	0.186923425130634	-1.42470883574662
"188"	0.195335530422829	-1.39490830733338
"189"	0.747105649701934	1.13171415857967
"190"	0.0133760390308562	2.37398270554472
"191"	0.72163506357639	-1.17601889504437
"192"	0.193269559956652	1.37729468682517
"193"	0.00635986024301647	-1.96695616489872
"194"	0.791880680373485	-1.09299905970798
"195"	0.769519323321537	-1.08984217663391
"196"	0.0780823197288594	2.92367907237197
"197"	0.435597018047444	-1.17576923887611
"198"	0.552506540682699	1.11728976303057
"199"	0.144610832706702	3.27555927713636
"200"	0.536613539087804	1.11105837518028
"201"	0.449639634995058	1.27752089586199
"202"	0.19208456474789	2.06385726672774
"203"	0.000285895426791097	25.7073311922914
"204"	0.398113274593598	1.5005881588796
"205"	0.283082598147714	-1.52988051535695
"206"	0.80647247157651	-1.08049747833405
"207"	0.07218068007574	-2.36911978119005
"208"	0.0813627144289011	1.56621102422799
"209"	0.500181515072642	-1.1854822399912
"210"	0.0585645094764427	1.39851043121721
"211"	0.892258487060392	-1.05729525418784
"212"	0.102420890776504	-1.5728920236105
"213"	0.354971722325107	-1.31510763264975
"214"	0.8131164147088	1.06779703061833
"215"	0.997536130763296	1.00125994521856
"216"	0.98011776821831	-1.00582136961986
"217"	0.765711271514439	-1.07865223560168
"218"	0.212447733708219	-1.35987832456434
"219"	0.0187825120253678	2.51687876149619
"220"	0.685436277321061	-1.12492485619215
"221"	0.73670129111039	1.15453074581266
"222"	0.0857931932060079	-1.7629520269046
"223"	0.200939285376197	-2.08838765438335
"224"	0.0721853088557935	-1.57520327751661
"225"	0.520771757686888	-1.53004875196793
"226"	0.0772695824849546	-1.56903219632587
"227"	0.617307413881893	-1.09128024344291
"228"	0.554091472566346	1.51459851800402
"229"	0.501818759026743	1.1745308501842
"230"	0.0774824987017045	1.97837630597336
"231"	0.984430283651156	1.00329277284165
"232"	0.00151746934194717	36.601509833543
"233"	0.0762192921416416	-1.6176473784565
"234"	0.0259453259632997	-1.82027200612386
"235"	0.386731985451361	-1.37714664958098
"236"	0.0345715283977825	3.3668210477003
"237"	0.119475730279404	-2.12048456771353
"238"	0.254159635405225	1.47743695228475
"239"	0.783230873285242	-1.12205927996231
"240"	0.284217654046758	-1.56870705141623
"241"	0.224311725104036	-1.61312953209086
"242"	0.0196439664495218	-1.8483416037165
"243"	0.968226615362384	-1.0109568647775
"244"	0.00378373548214923	-3.999999999995
"245"	0.0426518864986584	1.67421354860225
"246"	0.602860949870434	1.19254326672551
"247"	0.246496412294702	-1.45375272306731
"248"	0.777394026653997	-1.06892345841359
"249"	0.701626764768901	-1.28632126921916
"250"	0.00815933478330362	-4.064216531486
"251"	0.662223706427455	-1.16039542212164
"252"	0.371375257616905	1.83497483682717
"253"	0.252621214673435	1.4049764630204
"254"	0.920908852842927	1.05632475241728
"255"	0.0084813322382284	-3.39793882439078
"256"	0.275906374716101	-1.94436437468996
"257"	0.116719871829582	-1.97196609548392
"258"	0.0276650874300252	6.95458320384742
"259"	0.184016809420743	2.93294924043237
"260"	0.106917120674929	-2.48771686071476
"261"	0.200019021178073	-2.17868344615702
"262"	0.0713179182056193	1.68119684394614
"263"	0.145091599947575	-1.84825746258584
"264"	0.0675369398513808	1.80356756024481
"265"	0.0629184573753121	-2.89471189377092
"266"	0.179703621197548	1.51272161812139
"267"	0.0268543985606519	-3.05962586599497
"268"	0.764813232485186	1.10495842212966
"269"	0.828210716116666	-1.08804736369733
"270"	0.0832183595476667	1.67090417530087
"271"	0.040875123758251	1.83060927789898
"272"	0.182675888499495	-1.51676472623157
"273"	0.54239311112157	-1.17917076093372
"274"	0.159792385370391	-1.47093921608817
"275"	0.281411445428472	2.11225017969333
"276"	0.22225676681344	2.33671097228126
"277"	0.213727197845546	1.34016049600094
"278"	0.0339146830438949	-1.77745728914199
"279"	0.698761053642983	1.08818083667941
"280"	0.103737479700183	-2.50055677213352
"281"	0.307409578222226	1.34577588715727
"282"	0.713627502385475	-1.13023674970692
"283"	0.00646727766381003	-2.66085929039519
"284"	0.237683347032697	-1.98107845022728
"285"	0.0732057732301755	-1.66856697077344
"286"	0.0437019235887478	-2.50662974086675
"287"	0.727692673047804	1.14086405808252
"288"	0.0697029252798863	5.21699811569966
"289"	0.0211116601334282	-2.16918946632688
"290"	0.922150666300611	-1.05345980227096
"291"	0.227964435331309	-1.37522740629829
"292"	0.191093561631984	-2.26104834443612
"293"	0.0656573557592962	1.97733956737045
"294"	0.450998247701703	-1.55067029745489
"295"	0.647616708168951	-1.30963166558374
"296"	0.00461118165441832	-3.51552950235182
"297"	0.35000524364848	1.34507585632934
"298"	0.186744738401161	2.20401992400483
"299"	0.0155982646434481	-3.81790556336892
"300"	0.0602537661762149	2.4716313096335
"301"	0.0889289271324228	1.9773174229421
"302"	0.118057768972009	2.71577580401439
"303"	0.0178945033315569	2.84386389877844
"304"	0.283061882668225	1.43252949274579
"305"	0.778056063817576	1.09329099615819
"306"	0.464308636451912	1.50652305986963
"307"	0.91480702727898	-1.04874479230997
"308"	0.645641913592322	-1.13756122562672
"309"	0.603538905238972	1.54267091559011
"310"	0.257705974909321	-1.42775214263161
"311"	0.589738408043798	1.13471988103549
"312"	0.20393138956276	-1.9100559493479
"313"	0.827447126217317	1.09181487594279
"314"	0.335814681499284	1.31845674815996
"315"	0.24089979704862	-1.60914549547501
"316"	0.819782017339849	1.11369976298772
"317"	0.479282463191601	1.38071567689543
"318"	0.700975885907068	1.17519975903091
"319"	0.0108046029936676	7.38861932283888
"320"	0.013613151274016	5.04031728414227
"321"	0.855069158262993	-1.14473951408718
"322"	0.446418817484865	1.66758796394837
"323"	0.243858169787502	1.48979064759871
"324"	0.0731394743840651	-1.76983775286088
"325"	0.0709947330903653	-2.40629819653574
"326"	0.290256327777118	1.81204335449417
"327"	0.0163614618360366	2.78770842139329
"328"	0.626845291093364	-1.15717426772637
"329"	0.19670919062358	-1.38548977491461
"330"	0.506365758221212	-1.44980304048021
"331"	0.899832431737104	1.04114441749204
"332"	0.132600292044939	1.44367437229293
"333"	0.211083359188298	-1.91309099213078
"334"	0.259050424954316	-1.39641103796421
"335"	0.189627502594273	-2.26317123778238
"336"	0.0014658432986477	16.8083909032669
"337"	0.120305405614341	1.86791618054666
"338"	0.349055226020203	1.43858575600827
"339"	0.184199408636464	-1.46612814208806
"340"	0.400555631962087	1.34234944790829
"341"	0.0799268114685319	1.88796398276358
"342"	0.861866686271952	-1.16054702951881
"343"	0.112685887478992	-2.23691371118574
"344"	0.31770661195587	1.41269991623885
"345"	0.478391120751007	1.2361946509371
"346"	0.536659478719274	-1.25238773286425
"347"	0.151474133925781	-2.03723098543224
"348"	0.746923316513404	1.12099268570985
"349"	0.171309607803999	-1.67318189020289
"350"	0.442966293547701	1.27987018525583
"351"	0.397689317279578	-1.3719555495976
"352"	0.00789547577273038	-3.58563389305038
"353"	0.109510882631053	2.14205085662155
"354"	0.115231153993212	-2.56723432203481
"355"	0.500374642032241	1.27162202712089
"356"	0.126875655917901	-2.01510068822831
"357"	0.398689308083154	-1.25382441053844
"358"	0.101611598598019	-2.90523257159054
"359"	0.0224127878595281	2.47220656110095
"360"	0.375727198052309	-1.99554885000498
"361"	0.267668253495314	-1.94289968975891
"362"	0.464238816568375	1.56341341863194
"363"	0.331151979556663	-1.59019568336489
"364"	0.120541262365826	-1.82073481042168
"365"	0.850915197048341	1.14097738233759
"366"	0.103482081523518	1.52188134060251
"367"	0.00484638411319293	-4.42659139655609
"368"	0.853024947244779	1.08117085365593
"369"	0.42170341686089	-1.43511907774819
"370"	0.941085661110871	-1.03728692541012
"371"	0.138379557410998	-1.61771216308443
"372"	0.73739356971524	1.13041619342048
"373"	0.0494169747182013	-2.63068754351734
"374"	0.876915089734997	1.05922961859327
"375"	0.509434003616087	-1.16439801077682
"376"	0.0990802030103376	5.85578372544697
"377"	0.29623385313191	-1.29972151265402
"378"	0.572216588336785	-1.40734396447679
"379"	0.224130514560696	-1.66005604203355
"380"	0.144048500735368	-2.62974303487141
"381"	0.230606586130646	-1.95248002415409
"382"	0.397308132354546	-1.34849539279723
"383"	0.55758806749312	-1.28387875794726
"384"	0.700424072586708	-1.14586276635621
"385"	0.85745904135045	1.16659946413813
"386"	0.138286631751489	3.40850950235006
"387"	0.10903481107946	3.999999999996
"388"	0.282748907194169	-1.57353048653948
"389"	0.823234199928429	-1.13201381055277
"390"	0.0391902292680421	3.46134371614329
"391"	0.85597110411557	1.07867491894292
"392"	0.452067308993582	1.94053245827365
"393"	0.495133365990902	-1.34881480892032
"394"	0.25533356427013	1.47626269725449
"395"	0.338456639691939	-1.72285241981045
"396"	0.28554369310332	-1.29088433449788
"397"	0.0375324730874597	-1.96920350100859
"398"	0.1255369184368	-2.49931608458135
"399"	0.0808676352108501	1.63208091103413
"400"	0.267908128413608	1.28834864401657
"401"	0.522925648815617	-1.26258785382358
"402"	0.512068357582679	1.46710852054392
"403"	0.224518001727852	2.3876908000846
"404"	0.273596746229525	2.46063313697099
"405"	0.349394116232037	1.43821333644601
"406"	0.00967384596756912	-2.71354610574914
"407"	0.0356045207326409	-2.956143092296
"408"	0.723186338607253	-1.25767865119032
"409"	0.393052786106573	1.64508436319148
"410"	0.238661198176977	-1.73378348558057
"411"	0.00104794866245199	97919.4942621477
"412"	0.085367284116302	2.19799005930546
"413"	0.00167810025991153	-4.35544511979218
"414"	0.258644556001589	1.69520405957675
"415"	0.0636621162288026	2.68544806501251
"416"	0.980044384003004	-1.01124927742789
"417"	0.494784773835601	1.68412911344726
"418"	0.109094754712893	-1.83854269857711
"419"	0.822207611689355	1.12124764151018
"420"	0.406896760654852	1.42859379481668
"421"	0.417204239924885	1.21994039246354
"422"	0.124962857169154	2.24910710657495
"423"	0.347364717980227	1.83792422621125
"424"	0.0764329343450963	2.1585768028805
"425"	0.0743299720483417	-2.24271665408651
"426"	0.820184805163904	-1.09549555207881
"427"	0.210570496406158	-1.91667302260366
"428"	0.00912729629074817	5.52523882092702
"429"	0.568970686923203	-1.22760417546613
"430"	0.0884543517467755	-2.12330602026042
"431"	0.177223430723289	2.22552117526309
"432"	0.113269265399952	-2.64586356747832
"433"	0.284912173591824	-1.57335958839705
"434"	0.0395298077333273	3.999999999995
"435"	0.826465238029173	1.11231829069238
"436"	0.656026117124422	-1.87342879516564
"437"	0.163008420432158	-1.99990747030484
"438"	0.0634949621490465	4.28853426727579
"439"	0.0084800638541229	10.8796978870573
"440"	0.0246920039760708	7.9072584914189
"441"	0.223281267720947	-2.18239386736004
"442"	0.288798842547177	-2.41910448019504
"443"	0.146362161436543	-1.68500398482006
"444"	0.285226539065417	2.13578454303847
"445"	0.362367444326565	2.03529554272612
"446"	0.856445731867715	1.07840367332466
"447"	0.472962605342543	1.71503216999599
"448"	0.2735123837745	1.62728315698117
"449"	0.160215054864599	1.97775228629971
"450"	0.139563820339735	-1.65041648614268
"451"	0.471639400033405	-1.17490075998539
"452"	0.166294442239631	-1.71942477724819
"453"	0.861908966014171	-1.12922414749471
"454"	0.301415620939479	2.06418495465266
"455"	0.283386919632718	1.6326895881671
"456"	0.602323966505138	1.64052140771153
"457"	0.264627551016575	-2.03573410071878
"458"	0.564516792959757	-1.45678949689433
"459"	0.364818987531211	-1.62469301047586
"460"	0.0692300001982755	-2.02927661962879
"461"	0.903382125988706	1.08081314990087
"462"	0.000131231641587181	99999.9294472273
"463"	0.141303600937902	5.94842331899862
"464"	0.0400385044444861	-4.52740269779351
"465"	0.799079018229648	-1.10091970367307
"466"	0.0221227720201621	-3.20236813061281
"467"	0.928881181643652	1.06582214886022
"468"	0.520115531943271	1.3898690518179
"469"	0.636941316592081	-1.23564362967
"470"	0.61640739019113	1.22984025082796
"471"	0.104856066058209	1.66942289481847
"472"	0.483050682183319	1.29343879355863
"473"	0.0748159944339025	-1.58873977689099
"474"	0.526085808280274	-1.37823157965422
"475"	0.0493197071715023	-2.58412015270785
"476"	0.258421001012188	1.69561495013471
"477"	0.236214692205879	-1.75478567626829
"478"	0.0882662306720521	-2.03117803067534
"479"	0.532452748229409	-1.75010917288598
"480"	0.232076902849267	-1.53357658693789
"481"	0.807258024600315	-1.11241442311598
"482"	0.804456518019326	1.17036934254919
"483"	0.845719122392397	-1.06431278264953
"484"	0.107343285420642	-1.34777920700367
"485"	0.651107030418853	1.51232063816904
"486"	0.977601030404501	-1.01107364235711
"487"	0.262001936968779	-1.6431611246995
"488"	0.117825307427786	2.31551400307595
"489"	0.146936682496873	-2.02266819891763
"490"	0.528546949837251	1.31852678237406
"491"	0.0461498393200486	-1.64921032281768
"492"	0.161832991769765	2.3251952124424
"493"	0.96186876603376	1.03546837108636
"494"	0.82177210775551	1.10907463914539
"495"	0.12694786620032	-3.45191010708228
"496"	0.253569954165303	-2.017129599475
"497"	0.636289214020448	-1.23614718773814
"498"	0.167142154398234	-1.54071791345014
"499"	0.0411008937585729	3.36281020413341
"500"	0.0319792656339669	3.46209279210098
"501"	0.156961397319703	-2.02293623626927
"502"	0.173789610753888	4.9599029515185
"503"	0.113636938539347	4.17475775068955
"504"	0.113636938539347	4.17475775068955
"505"	0.518839358891792	1.71572374496473
"506"	0.663176637833412	1.25100862659071
"507"	0.258597649119794	1.6952902121415
"508"	0.0917570085214909	3.43399829596742
"509"	0.0846878561609486	4.10200456202234
"510"	0.650738027268603	1.51301600122892
"511"	0.749261043601942	1.23832521335265
"512"	0.0180371492043139	8.90286813793815
"513"	0.340726064993176	1.31894277638749
"514"	0.57212567527358	-1.48785239682409
"515"	0.514679103305927	1.6567624688156
"516"	0.324339226802866	-2.30748880323819
"517"	0.750445810650337	-1.21188801672126
"518"	0.0221727749273476	-3.64151575073028
"519"	0.292845764362259	-1.88581887831855
"520"	0.0311124551747185	-4.569775941435
"521"	0.365437727172101	2.22518005562037
"522"	0.740940931335296	1.21197785563817
"523"	0.319750713428505	-1.96065148819154
"524"	0.0942625526764799	1.95878302667747
"525"	0.777457985634567	1.18625906930324
"526"	0.161715652612411	-2.10729453552456
"527"	0.985257855993459	-1.01175501245141
"528"	0.304039462340923	-1.68561647378972
"529"	0.570807717160844	-1.16072119862647
"530"	0.0153984211042703	-3.59574576504948
"531"	0.213869305855697	-2.11904529318553
"532"	0.589483333871882	-1.20050265073007
"533"	0.15736936399698	-2.37320685884207
"534"	0.960885443913945	-1.03592293648043
"535"	0.764511747689196	1.20919503913351
"536"	0.13582939107694	1.88834715326125
"537"	0.504576724180629	1.78165187052702
"538"	0.914171653350108	1.09152764750551
"539"	1.92740143006139e-05	-13.8406363995293
"540"	0.019283196142148	2.78813104427645
"541"	0.770103887882097	-1.1797841469907
"542"	0.472557937013486	-1.2987836962614
"543"	0.0373352891798776	-2.14842184629515
"544"	0.846551487192355	1.13961189093791
"545"	0.474963135151022	-1.39073271281008
"546"	0.0497961645201746	-1.77919081044239
"547"	0.944285694193191	-1.04357894576242
"548"	5.13178254297165e-05	-15.8805266449719
"549"	0.118778716025922	2.37408617549668
"550"	0.0223895403795477	5.43903364478228
"551"	0.725979497331219	-1.26409588629164
"552"	0.03536604263026	-4.4762197465217
"553"	0.706018727337988	1.34342469212314
"554"	0.788211905006756	-1.17829632351633
"555"	0.230164777883604	1.813940769332
"556"	0.269793316342359	-1.58087214279514
"557"	0.570378782799329	-1.32047240139807
"558"	0.352932994226514	-1.7698936570113
"559"	0.352474603402741	2.47270560570076
"560"	0.896714937736227	1.05972561000224
"561"	0.76607479012155	-1.17971146955209
"562"	0.514148851762381	-1.51704080406949
"563"	0.443313669614677	-1.51999573511851
"564"	0.00424923612570133	-5.81538016531726
"565"	0.308866227792543	2.20971882918081
"566"	0.0311499891335505	12.8698066779203
"567"	0.219775190826597	3.97113724137063
"568"	0.438706954290167	-2.02571541057633
"569"	0.00800204663214973	-4.03987286818933
"570"	0.468960284709108	-1.29949336399528
"571"	0.841741584298294	-1.07821046278482
"572"	0.107496208981185	-1.91013336372909
"573"	0.855605307751208	1.07888434358193
"574"	0.169037125683829	-1.72004549138542
"575"	0.524232185731362	1.73204402905351
"576"	0.800350364364133	-1.17915411479454
"577"	0.152486083749989	2.9656576011533
"578"	0.955810245805706	1.02441709027041
"579"	0.166610242207811	-1.71873449268115
"580"	0.139946898480502	-2.19069034158613
"581"	0.144764025336396	2.48762656801959
"582"	0.450299060607651	-1.47134865976924
"583"	0.0936330129464791	-3.999999999995
"584"	0.369459202043563	-1.33535127585022
"585"	0.620085261465053	-1.26414334341233
"586"	0.0988078686529362	-2.52881496574807
"587"	0.66093477299481	-1.27995050453999
"588"	0.796175989755654	-1.14635451718962
"589"	0.00375214666764365	12.8554533325505
"590"	0.080890214035517	8.91745098127326
"591"	0.534876138581017	1.8489348228394
"592"	0.486905584197475	1.64824187384949
"593"	0.988699308301065	-1.01163205092655
"594"	0.862538437351194	-1.04694071515905
"595"	0.0744412806889396	-3.20306530954891
"596"	0.248817265383308	3.42288153934513
"597"	0.354173992459628	-1.76732874116971
"598"	0.0231412515277042	7.91135353867413
"599"	0.705888061806767	-1.39112235187761
"600"	0.985556712226121	-1.01151525164448
"601"	0.0716286323369134	-2.61720203831057
"602"	0.983535681731066	-1.01109184197125
"603"	0.0509624069897144	-2.52785462022735
"604"	0.0376930167344194	3.90709242816022
"605"	0.693599752755932	-1.3489381769656
"606"	0.00204768757194202	-11.4177173253033
"607"	0.501407332595029	-1.49885148456936
"608"	0.195186685766782	-2.02233179030278
"609"	0.382584200495661	-1.60703857867472
"610"	0.140395659323343	-2.01797565773128
"611"	0.715905519038474	1.31196423276651
"612"	0.493197020626014	-1.58811691127808
"613"	0.573361672087207	-1.41194506689312
"614"	0.627027925928694	1.4665015296228
"615"	0.627027925928694	1.4665015296228
"616"	0.315144239855711	-1.92820723491678
"617"	0.979738464715909	-1.01058178120613
"618"	0.0705285300990508	-3.47353968151457
"619"	0.527320056615531	-1.51037041035758
"620"	0.966835066337044	-1.01506236272521
"621"	0.519763947089295	1.64202308392295
"622"	0.711600394478075	-1.31098683724642
"623"	0.577684545195384	-1.34865347499594
"624"	0.881278698409597	1.05513048110747
"625"	0.900398654319901	-1.06521714058252
"626"	0.818874818740302	1.21920294717895
"627"	0.248817265383308	3.42288153934513
"628"	0.415292440687151	1.98397905183096
"629"	0.195922976187581	-2.09443507064358
"630"	0.475515270667421	1.44033856429047
"631"	0.0215340706886245	-2.76314553409736
"632"	0.139470362080632	-2.57581776568026
"633"	0.196832063596047	-3.00978684166058
"634"	0.318855647115265	-2.07943279522355
"635"	0.906642905996389	1.03642293429138
"636"	0.0134504726494091	-2.59010820312404
"637"	0.18462411878562	-1.84738285847962
"638"	0.565818922201329	-1.37766942603276
"639"	0.0273956549228056	3.16548555392407
"640"	0.109833351430735	3.41603497778467
"641"	0.372458915524784	1.73054876277095
"642"	0.451820894339631	-1.44455036575736
"643"	0.148971214088091	1.95928581147817
"644"	0.080890214035517	8.91745098127326
"645"	0.219775190826597	3.97113724137063
"646"	0.417738986194854	1.97700395801963
"647"	0.219775190826597	3.97113724137063
"648"	0.578886740427242	-1.34382345355996
"649"	0.606375334433145	1.31900456793477
"650"	0.572168467162933	-1.46283052709364
"651"	0.507255641203258	-1.29239969782769
"652"	0.413748133165267	-1.34404210908366
"653"	0.0120535188743562	-4.06163226637816
"654"	0.424510077229003	-1.51673115789947
"655"	0.0290154579566314	-3.06648127933281
"656"	0.105032060324626	4.94499921917186
"657"	0.244955317340771	-1.74349930107161
"658"	0.147567990423324	-3.67107466600371
"659"	0.551473798762594	-1.27050220893262
"660"	0.146866790721007	-2.02185755176329
"661"	0.205502035525226	2.30831898257541
"662"	0.690736857995501	1.38705893931045
"663"	0.152215083364248	2.96769127100758
"664"	0.704772048216375	1.56991238711893
"665"	0.704772048216375	1.56991238711893
"666"	0.449724846075214	1.48350689327948
"667"	0.750764832318884	1.2366853976921
"668"	0.876577012562808	-1.06360201498022
"669"	0.0833485956441408	-3.540381641499
"670"	0.503226817478336	1.41315284691187
"671"	0.0153430058553153	-5.93742578055824
"672"	0.0117654376162881	-4.65104459160121
"673"	0.0471860144633841	-2.15638975213096
"674"	0.652768335630638	1.17482856086732
"675"	0.46592429350304	1.31923251407406
"676"	0.129781189427486	-1.76145987428383
"677"	0.982337323255444	-1.011131534403
"678"	0.168711112183476	-2.69698818907962
"679"	0.360733907240048	-1.62449164580188
"680"	0.712803850674698	-1.2985966248748
"681"	0.073836121657849	-2.69594752133322
"682"	0.608116047902221	-1.68714629169245
"683"	0.233812326086242	-1.95669484496958
"684"	0.154271512061945	-2.27558073070701
"685"	0.186712883005994	-2.70645682192327
"686"	0.173469125187361	2.55001644153625
"687"	0.0181070993679186	-4.71988750972042
"688"	0.117177376138509	-2.02169508256801
"689"	0.304829769091199	2.64518920294433
"690"	0.361147031048077	2.76037870341565
"691"	0.361147031048077	2.76037870341565
"692"	0.993502710563527	-1.00796613958389
"693"	0.361147031048077	2.76037870341565
"694"	0.361147031048077	2.76037870341565
"695"	0.525418399754925	-1.76573240702688
"696"	0.503995702457881	-1.67640893002313
"697"	0.715994268280105	1.31847886464526
"698"	0.652835608905699	-1.20872911694486
"699"	0.09411942349987	-2.35950325229654
"700"	0.0244259354341797	-6.26919610229976
"701"	0.986611467305068	-1.01017076944684
"702"	0.191190065233029	-2.03839346380252
"703"	0.398033672603985	1.58609865366266
"704"	0.781620226806461	1.19168487636512
"705"	0.0343533668746579	-3.6621170856645
"706"	0.00532649671004355	-4.56707991344143
"707"	0.288487808698647	-1.27076602724972
"708"	0.677325081266944	-1.27326368720939
"709"	0.00847814720084504	10.8816306622433
"710"	0.0323739735146544	-3.999999999995
"711"	0.205935972542014	-1.9771873667671
"712"	0.986823120954005	-1.01009547651262
"713"	0.272767469334252	-1.81965442341163
"714"	0.230242163888745	1.81376410562809
"715"	0.229322006828195	-2.2781406880826
"716"	0.0167709765087554	9.57521483251352
"717"	0.659460156388753	1.48917992779847
"718"	0.712506421518805	-1.29896271469201
"719"	0.46729134645482	-1.68576196265452
"720"	0.15209845964595	2.96859987584048
"721"	0.134939774637894	-2.69767424447839
"722"	0.393521639238417	-1.80602237305797
"723"	0.0066345043418703	-5.05522857240172
"724"	0.0633630521927274	-6.40266786074757
"725"	0.341031180948136	2.21137040424933
"726"	0.00116782641666399	-20.9103791806604
"727"	0.988940629935687	-1.01138214080534
"728"	0.25126379300374	-1.82990862897282
"729"	0.0388987396707289	-3.53973808926528
"730"	0.693612761212471	-1.34891754261882
"731"	0.598454038960829	-1.47435824682332
"732"	0.137399292247886	-3.01427006405554
"733"	0.0132112879151643	-3.89302221141513
"734"	0.288676051278126	2.18005099226714
"735"	0.989457885869903	-1.0108467801985
"736"	0.608281504855262	-1.6867388110735
"737"	0.353461844886298	-1.76903400402144
"738"	0.364249365606697	-2.04702997961665
"739"	0.372339142151044	1.73078937616108
"740"	0.801299692932816	-1.24324677091274
"741"	0.704291542071438	1.57194086334247
"742"	0.387221090543484	-1.8768079461236
"743"	0.163924886612219	-2.69717812090293
"744"	0.266094805657524	-1.36056267150971
"745"	0.776753587737935	1.18691776608715
"746"	0.987797217100672	-1.01024842373395
"747"	0.618960836840091	-1.41849763009973
"748"	0.325042196651445	1.64902578147627
"749"	0.691213729167896	1.38632434895035
"750"	0.258363956285495	2.45787373036873
"751"	0.254969294544385	2.47296034899914
"752"	0.96477498652119	-1.01635788767678
"753"	0.19349013904798	-2.35966980434546
"754"	0.0113669225684378	5.27623178861961
"755"	0.257829112377247	1.84907297826282
"756"	0.0033960663944022	-4.54595404799169
"757"	0.00366633985839261	-7.07928837500216
"758"	0.0641536690479292	1.97899846771331
"759"	0.0141740554251824	-5.63424390167345
"760"	0.295575707548811	1.67300151417713
"761"	0.356066358050216	-1.841430277657
"762"	0.751533763482684	1.23585136137474
"763"	0.158901653350324	-2.56878582608576
"764"	0.0283906644668063	3.70937708190741
"765"	0.40252151873014	-1.81966954669691
"766"	0.989083539431034	-1.0112342386619
"767"	0.987568383073335	-1.01107878012595
"768"	0.00169891715002451	97167.3959649463
"769"	0.00169942521796415	97166.7349260045
"770"	0.0718446102936665	8.92160935460827
"771"	0.0474700170432543	10.90216247682
"772"	0.120980456030597	6.94084788297467
"773"	0.120980456030597	6.94084788297467
"774"	0.309111054728103	2.98196037340325
"775"	0.309111054728103	2.98196037340325
"776"	0.309111054728103	2.98196037340325
"777"	0.309111054728103	2.98196037340325
"778"	0.309111054728103	2.98196037340325
"779"	0.0474700170432543	10.90216247682
"780"	0.991805454358725	-1.0092287056978
"781"	0.991805454358725	-1.0092287056978
"782"	0.0719159083678125	8.91593388380612
"783"	0.309111054728103	2.98196037340325
"784"	0.980209593399903	-1.01115570167665
"785"	0.885662084176398	1.16721084742366
"786"	0.161861928987691	-2.1148288783554
"787"	0.662629675925495	1.48334776750179
"788"	0.620834619470034	-1.26351196402582
"789"	0.0481328621425639	-3.44405630208847
"790"	0.0292778469853817	-3.91140349717346
"791"	0.757915809954003	-1.16064020073203
"792"	0.726161717291729	-1.25712526600503
"793"	0.0189214023558173	-3.6399110697743
"794"	0.239669267007245	2.37320637380891
"795"	0.554448979668634	-2.0222291271863
"796"	0.353227498471822	-1.76927694394807
"797"	0.519780482192913	1.3846296661516
"798"	0.00994715970656544	-5.39295468804296
"799"	0.503647913173666	1.41286698412999
"800"	0.00245271636794675	-5.56344845209644
"801"	0.174419633994307	-3.999999999995
"802"	0.81493381596836	-1.10258611912155
"803"	0.486922831367413	1.64820956835797
"804"	0.989457939322785	-1.01084839581258
"805"	0.072393049404921	3.29772026709814
"806"	0.0981937504700688	2.967321638398
"807"	0.609291376446745	-1.68084274977582
"808"	0.989457939322785	-1.01084839581258
"809"	0.99222099067981	-1.00875897862811
"810"	0.0904479107229201	4.94426783777316
"811"	0.994611154076418	-1.00783061357247
"812"	0.991566592536183	-1.00947952918125
"813"	0.161304164569459	-4.0460576641328
"814"	0.102978364531647	-3.53914123395119
"815"	0.0355185618040572	4.39785494956751
"816"	0.99013657467287	-1.00938940424416
"817"	0.467617198094894	-1.68511525580072
"818"	0.243007315900598	-2.52895977766523
"819"	0.0454103509596272	-5.05703586089068
"820"	0.161389842686834	-4.04545150809522
"821"	0.23519282517396	-2.05283242246013
"822"	0.000353159023244735	-22.2428023406901
"823"	0.0553657701750517	-4.04510648619659
"824"	0.152144794269368	2.96821613262795
"825"	0.467446008672718	-1.68545271986722
"826"	0.440654064891566	-1.97524587743311
"827"	0.43275033799775	1.29866487084259
"828"	0.119478770040987	2.97251904537256
"829"	0.206066543828353	-3.02910814878907
"830"	0.206066543828353	-3.02910814878907
"831"	0.694031678233879	-1.34834075853456
"832"	0.0511174805343878	-4.55133989809779
"833"	0.213720656159739	-1.88711335241085
"834"	0.353416052188369	-1.76901989769668
"835"	0.332038679443398	-1.58883170970579
"836"	0.206066543828353	-3.02910814878907
"837"	0.438972468492778	-1.81748699365406
"838"	0.066580781084024	-5.05414177968525
"839"	0.0505961348986477	-6.06811311502256
"840"	0.255719010013273	-2.27407189927572
"841"	0.366702473284473	-1.68703666736331
"842"	0.421973278373063	-1.54017497909868
"843"	0.1614860801656	-4.04420595890995
"844"	0.351819567822473	-2.11222928540992
"845"	0.0269922694215412	-4.04375432202072
"846"	0.467523725322663	-1.68530243507047
"847"	0.74951060343288	-1.21278759107816
"848"	0.140592614861794	1.81404435629193
"849"	0.955296392229611	-1.03548574912192
"850"	0.0135707841878973	-4.09905810251635
"851"	0.000909648420388448	-12.1341616289843
"852"	0.0855621615930691	-5.05747676818916
"853"	0.181935863422132	-2.58166074443533
"854"	0.596928416314032	1.38127474594433
"855"	0.155332506191241	-1.95018808720218
"856"	0.179443884819859	-2.24351806840917
"857"	0.193568633725134	-2.3593103374601
"858"	0.0921761536290378	-2.60198085163522
"859"	0.325286580277682	1.64860842591682
"860"	0.987774925619726	-1.01164519211738
"861"	0.360963217894752	2.76139343508646
"862"	0.885662084176398	1.16721084742366
"863"	0.994611154076418	-1.00783061357247
"864"	0.562270014782104	1.99197422523863
"865"	0.696091511054551	-1.58821891319165
"866"	0.622463918444366	1.65233117726961
"867"	0.622463918444366	1.65233117726961
"868"	0.138094675611931	3.11318318497468
"869"	0.311486345840699	2.96679961594616
"870"	0.562270014782104	1.99197422523863
"871"	0.0220307447108269	-6.06680413466337
"872"	0.989204201729787	-1.01110931882129
"873"	0.143757859231753	-3.03321647667422
"874"	0.562270014782104	1.99197422523863
"875"	0.562270014782104	1.99197422523863
"876"	0.550570617427097	-1.64270017093458
"877"	0.71589411206416	1.31861460025285
"878"	0.146785033853088	-2.80166414606817
"879"	0.693905744007092	-1.34851735172732
"880"	0.0123504257354719	-4.44251339213943
"881"	0.0585157888071884	-5.56424148130965
"882"	0.446883299897643	-1.32175733800865
"883"	0.0188713963641534	-6.71990645618702
"884"	0.90879548975234	-1.09522397981745
"885"	0.247939747570125	-2.62873307734157
"886"	6.97530899334268e-05	-45.5290200982262
"887"	0.462085954255954	-1.61979324110015
"888"	0.259869522531463	-2.11386873865082
"889"	0.238239957997782	-1.86417662923489
"890"	0.111154740811969	-3.03922553476656
"891"	0.0146801064576931	-3.32136953979426
"892"	0.0505811663136212	-6.06948937636156
"893"	0.100444605770292	-2.0213220416357
"894"	0.253696044001769	-2.0229820802709
"895"	0.123947385409208	-2.69714481631773
"896"	0.857091667301328	1.12072437006364
"897"	0.243126560218058	-2.52838020127184
"898"	0.011574630997939	7.12286154413183
"899"	0.753370800470512	1.26035535621771
"900"	0.369195215797275	2.31411455965242
"901"	0.453373155394665	1.78441810454282
"902"	0.0981491719383971	-5.55614543621087
"903"	0.923235367014575	1.09223695612137
"904"	0.647829511516525	-1.51088165538436
"905"	0.117150067852653	2.37447948183124
"906"	0.257107376191142	1.97837856002033
"907"	0.0212092458299051	8.24821302693523
"908"	0.991812604565933	-1.00922061109265
"909"	0.991812604565933	-1.00922061109265
"910"	0.995194361405113	-1.00609674499641
"911"	0.987116287522937	-1.01265373171088
"912"	0.621136738095485	1.65261099371373
"913"	0.0643733431930589	-2.527941220365
"914"	0.636925786609928	-1.23565454689678
"915"	0.0161443353046586	-4.80249401986997
"916"	0.161389842686834	-4.04545150809522
"917"	0.243472298853005	-1.56200381149004
"918"	0.12104568379178	-1.81927118463345
"919"	0.0357722700139824	-5.5608479350296
"920"	0.550421837842504	-1.41501419573935
"921"	0.213444573425979	-3.54118576106925
"922"	0.980552454693386	-1.01044858063562
"923"	0.0786947850688502	-1.85336336036207
"924"	0.0139559250080553	-3.14544975903431
"925"	0.0945601258153202	-4.37881932563085
"926"	0.00660969401913032	-5.77392843860377
"927"	0.219627059093407	-2.43030875908957
"928"	0.17457482260248	-3.999999999995
"929"	0.444474587772808	1.78024594794004
"930"	0.106325011315032	-4.08726987083824
"931"	0.304439181250321	-1.68489342939763
"932"	0.241315608208818	-3.48492242824793
"933"	0.449072764852697	1.48435156870895
"934"	0.00834437024806418	-8.09177225150269
"935"	0.000371967767979984	-8.07708514480322
"936"	0.0333050135250088	-3.73866740465764
"937"	0.486489890991542	1.64902604558644
"938"	0.696223723244867	-1.58901059413205
"939"	0.645186839281086	-1.51587705764096
"940"	0.647829511516525	-1.51088165538436
"941"	0.927749504637114	1.06828662125316
"942"	0.0994762582938726	-2.97683996846025
"943"	9.06327339186102e-06	-23.2464608262719
"944"	0.892281036850366	-1.07737269619479
"945"	0.406449649832352	1.42907965479045
"946"	0.15891185973169	-1.54585935088562
"947"	0.9822273744297	-1.01055759520464
"948"	0.243351199451587	-2.52730038440248
"949"	0.989204201729787	-1.01110931882129
"950"	0.300861436377164	-1.41518227134046
"951"	0.0150158718511547	-9.04319415448788
"952"	0.109163806776038	2.57225647832336
"953"	0.161389842686834	-4.04545150809522
"954"	0.161389842686834	-4.04545150809522
"955"	0.402154204248465	-2.02221891271783
"956"	0.694130757819108	-1.3482018773491
"957"	0.161389842686834	-4.04545150809522
"958"	0.402154204248465	-2.02221891271783
"959"	0.247630776315144	1.48434609118237
"960"	0.404215969901529	-2.01612600191896
"961"	0.353094374473069	-1.76975962481331
"962"	0.449320740174304	1.48402523968133
"963"	0.241158001858147	-3.48624888403884
"964"	0.168821991711253	-2.10821775829697
"965"	0.0598215502932975	-5.21822296910966
"966"	0.355198711155312	1.55500541473269
"967"	0.123958691938092	-2.69697045682711
"968"	0.550268146466445	-1.41520240592562
"969"	0.749864914620621	-1.21245403791877
"970"	0.71589411206416	1.31861460025285
"971"	0.21438567762678	-2.02116793387141
"972"	0.0250628918984526	-4.71759087500258
"973"	0.0134575730820523	-2.63705126856284
"974"	0.68819831985573	1.18706937345461
"975"	0.118648362444981	-4.04423207858978
"976"	0.693393071809304	1.23286421894284
"977"	0.820754337440917	-1.09491944895099
"978"	0.183845034768988	-2.41058745329884
"979"	0.0449828769770099	-1.94938274668768
"980"	0.10303681977282	-3.53976568770085
"981"	0.091537935502662	3.46324949701872
"982"	0.254914915915643	2.47320789604474
"983"	0.554448979668634	-2.0222291271863
"984"	0.990983017141856	-1.01136562683727
"985"	0.609014711532209	-1.6815043447797
"986"	0.120223329065112	-2.69658742567003
"987"	0.990983017141856	-1.01136562683727
"988"	0.994977014084092	-1.00729607114021
"989"	0.995194361405113	-1.00609674499641
"990"	0.995194361405113	-1.00609674499641
"991"	0.549828822415103	-1.41573875990814
"992"	0.248776790100271	1.6492445510116
"993"	0.087804914423894	-6.06825639172841
"994"	0.321321540634878	-1.27796014370781
"995"	0.00820185351133992	-12.1363162148978
"996"	0.628163312893444	-1.34114898850651
"997"	0.514931772784552	-1.51587429967088
"998"	0.449506194966978	1.4837909151525
"999"	0.100895894521861	-5.05554048299219
"1000"	0.677378146851741	1.42240691676141
"1001"	0.351914182130156	-2.81212057635865
"1002"	0.357520529408037	-1.79126252571935
"1003"	0.00828359354127524	-6.74281378357665
"1004"	0.139664385480927	2.63819586126348
"1005"	0.310548683331004	1.81563987285326
"1006"	0.814624615246819	-1.10276750345102
"1007"	0.253469363793786	-1.78017370560033
"1008"	0.0166216726858737	-10.1150139110279
"1009"	0.820238792264418	-1.09519282270175
"1010"	0.191892076435223	-2.5268901874762
"1011"	0.29133303265061	-1.5724673773111
"1012"	0.00174975467372319	-17.3002517154852
"1013"	0.149542375292526	2.28816537984185
"1014"	0.118608840614576	-4.04516181601001
"1015"	0.143345616857567	-2.8055946450114
"1016"	0.0453685603869317	-5.56280641463995
"1017"	0.105038427642649	-2.59873403418891
"1018"	0.569607590172845	-1.22719178799538
"1019"	0.109133405059807	-3.23703173419367
"1020"	0.119010017400681	-2.42167647419161
"1021"	0.263927845035165	-2.52787384355484
"1022"	0.029463262062265	-6.06549510034887
"1023"	0.44937711219476	1.48395170878291
"1024"	0.0759141865329235	-4.04601275372041
"1025"	0.536752596655245	1.48403522312201
"1026"	0.379878527998379	1.78120933605875
"1027"	0.00213969587891237	97169.7078947962
"1028"	0.022542267588651	94753.6853437556
"1029"	0.0422349386158469	94119.9991402052
"1030"	0.229975627410815	4.96374690635989
"1031"	0.453635959809086	1.78382009936009
"1032"	0.609291376446745	-1.68084274977582
"1033"	0.609291376446745	-1.68084274977582
"1034"	0.152179447967704	2.96796114781617
"1035"	0.022542267588651	94753.6853437556
"1036"	0.229975627410815	4.96374690635989
"1037"	0.290457915911092	2.18001892053434
"1038"	0.562270014782104	1.99197422523863
"1039"	0.99222099067981	-1.00875897862811
"1040"	0.99222099067981	-1.00875897862811
"1041"	0.0548100701013988	4.94619526695876
"1042"	0.0225544819529621	94753.0913508216
"1043"	0.230145777209767	4.96112449821383
"1044"	0.562270014782104	1.99197422523863
"1045"	0.562270014782104	1.99197422523863
"1046"	0.181522025444604	2.31450487653381
"1047"	0.0130672319879102	-95381.3801842422
"1048"	0.0389223645032256	-6.39629977299785
"1049"	0.654855340719508	1.29742195005476
"1050"	0.243351198279444	-2.52730037206249
"1051"	0.739742477201929	1.20313403154445
"1052"	0.988776194888861	-1.00942254638582
"1053"	0.0275469346920519	-4.59782646944279
"1054"	0.495027545462279	-1.68505186915035
"1055"	0.760838086609884	-1.20035034224054
"1056"	0.98806161933389	-1.01038044412078
"1057"	0.762138957307556	1.25642679074795
"1058"	0.779625490769453	1.18206397982154
"1059"	0.108746620916965	-3.0145084746464
"1060"	0.9951407967395	-1.00705737028181
"1061"	0.467766910977799	-1.68482570753197
"1062"	0.00711177546964966	-95904.254276885
"1063"	0.365077942120281	-1.87572371817252
"1064"	0.337950063706249	-2.27832305054808
"1065"	0.0541694704392024	-2.88762127717014
"1066"	0.557765442381839	-2.0075724977291
"1067"	0.0459742132966723	-11.1021451825221
"1068"	0.00239743241397653	-96830.0223112033
"1069"	0.525221076312933	-1.87489796523516
"1070"	0.0542941135375499	-2.91214710055403
"1071"	0.230987552229597	-1.88753418145724
"1072"	0.00936078866615464	-7.07533196988785
"1073"	0.674641286385357	-1.41218171167673
"1074"	0.243870436618369	1.75174825652369
"1075"	0.00907025326921717	-5.30952807925993
"1076"	0.988988743003664	-1.00924326217771
"1077"	0.00615347615781253	-6.40283374508304
"1078"	0.187918519081919	-2.41946991883651
"1079"	0.224481692674188	-1.94735838543385
"1080"	0.358924451914984	-2.35527478776156
"1081"	0.123979633050509	3.63280449805503
"1082"	0.305038672111586	-2.02171024914733
"1083"	0.644931190234432	-1.51636125415482
"1084"	0.0407464899330714	-94166.7640842035
"1085"	0.225330383190005	-5.03645618902099
"1086"	0.554583325194684	-2.02222913174622
"1087"	0.969900516194089	1.03363732775681
"1088"	0.715349342517613	1.31934219975856
"1089"	0.99144161109308	-1.01078434030189
"1090"	0.0407464899330714	-94166.7640842035
"1091"	0.225330383190005	-5.03645618902099
"1092"	0.0407464899330714	-94166.7640842035
"1093"	0.301382971996238	-3.03235593555444
"1094"	0.369297137156776	2.31371330998823
"1095"	0.303741007636911	-3.01710429519882
"1096"	0.534197095261458	1.85074344149488
"1097"	0.0718127215172309	8.92415901701755
"1098"	1	1
"1099"	0.557765442381839	-2.0075724977291
"1100"	0.139019795622375	-6.04868117319835
"1101"	0.217372593846297	-4.0272844997005
"1102"	0.11189555255984	2.75104295330229
"1103"	0.0366086503108645	-4.43623491439884
"1104"	0.208257308812557	-2.05312192575786
"1105"	0.021674939225948	-94807.6084944231
"1106"	0.021674939225948	-94807.6084944231
"1107"	0.118400247846622	-7.05943001848054
"1108"	0.0015900014519942	-97249.8537004579
"1109"	0.694668874492811	-1.34745733374927
"1110"	0.694881461141695	-1.34717067237959
"1111"	1	1
"1112"	0.217372593846297	-4.0272844997005
"1113"	0.525221076312933	-1.87489796523516
"1114"	1	1
"1115"	0.330133155502277	2.25009578347665
"1116"	1	1
"1117"	0.644931190234432	-1.51636125415482
"1118"	0.618451194259569	-1.49174452182806
"1119"	0.0046827037545627	-96387.2932487083
"1120"	0.0801450518431745	-2.69169032768959
"1121"	0.373335670547957	-2.38760320836444
"1122"	0.606565769570273	-1.34097229989319
"1123"	0.68475540346166	-1.37217454756699
"1124"	0.118460519013385	-7.0553648151696
"1125"	0.118460519013385	-7.0553648151696
"1126"	0.35929169085532	-2.35377528051333
"1127"	0.991565452546092	-1.00948076019214
"1128"	0.35929169085532	-2.35377528051333
"1129"	0.30120137006308	-3.03355782173771
"1130"	0.021680232975097	-94806.288801088
"1131"	0.294251066689228	-2.7013310806332
"1132"	0.00849955479828254	-3.999999999995
"1133"	0.40937164303546	2.00948159474991
"1134"	0.0152904664184791	18.8265672265268
"1135"	0.690650913262441	1.38719476292304
"1136"	0.303741007636911	-3.01710429519882
"1137"	0.303741007636911	-3.01710429519882
"1138"	0.303741007636911	-3.01710429519882
"1139"	1	1
"1140"	0.561827192752385	1.99349927936813
"1141"	0.696751716066017	-1.58529336290251
"1142"	0.369297137156776	2.31371330998823
"1143"	0.303741007636911	-3.01710429519882
"1144"	0.989315094516934	-1.01099464521351
"1145"	2.19454579220297e-05	-99999.9999999
"1146"	0.69017843509535	1.38792045952548
"1147"	0.0046827037545627	-96387.2932487083
"1148"	0.0160122761003261	-9.09579876014853
"1149"	0.0324585614155866	-13.1204958146636
"1150"	0.359456209494196	-2.35310508957363
"1151"	0.479065911428388	1.41357565491596
"1152"	1	1
"1153"	0.696751716066017	-1.58529336290251
"1154"	0.021680232975097	-94806.288801088
"1155"	0.0059525252492705	-96382.1036302689
"1156"	0.992474758686882	-1.00847173559627
"1157"	0.66263774760167	1.48332936659607
"1158"	0.225162281887518	-5.03912905150827
"1159"	0.559306918767539	1.61757108377546
"1160"	0.000196606084472272	-15.474069409333
"1161"	0.631531908891253	1.27221670254679
"1162"	0.00179492419905233	-97641.8819646309
"1163"	1	1
"1164"	0.525221076312933	-1.87489796523516
"1165"	0.123979633050509	3.63280449805503
"1166"	0.557765442381839	-2.0075724977291
"1167"	0.166153417779645	3.32539083733953
"1168"	0.225405697487884	-5.03526038493329
"1169"	0.707236357922456	-1.29400423092715
"1170"	1	1
"1171"	0.0228210712324221	-5.34435398480423
"1172"	0.303741007636911	-3.01710429519882
"1173"	0.00412135033008774	-3.999999999995
"1174"	0.247650138823779	-3.0279549253281
"1175"	1	1
"1176"	0.16599476190009	3.20002567994118
"1177"	0.404605169504991	-2.22047816189074
"1178"	0.000133398521833268	-99598.0540416638
"1179"	0.000948962796453332	-4.51455905530886
"1180"	0.0531107614947042	-3.61685221564445
"1181"	0.30475532625903	-1.68433095870464
"1182"	0.750388438162785	1.23709527455936
"1183"	0.992474758686882	-1.00847173559627
"1184"	0.0842463959794967	-2.62430024415797
"1185"	0.139019795622375	-6.04868117319835
"1186"	0.118460519013385	-7.0553648151696
"1187"	0.871993143465744	1.12698531880152
"1188"	0.775872060473826	1.18774139243517
"1189"	0.688458772785913	-1.36864584914905
"1190"	0.0130617390055558	-95382.1582313534
"1191"	0.0130617390055558	-95382.1582313534
"1192"	0.114275630926457	-5.05613886883895
"1193"	0.255810405877847	-2.86017113445892
"1194"	0.00811562479441467	-6.33178657717359
"1195"	0.762138957307556	1.25642679074795
"1196"	0.885683633577413	-1.0838429730235
"1197"	0.0858857914790659	-2.52227345182943
"1198"	0.115359396084489	-7.05959241606065
"1199"	0.115359396084489	-7.05959241606065
"1200"	0.558071033444338	-2.00650734008083
"1201"	0.0787467161928804	-9.08309142516303
"1202"	0.0417804208920466	-13.1233262172358
"1203"	0.402416627906971	-2.0214406403314
"1204"	0.278526454468933	-2.07304160728059
"1205"	0.056004395345044	-11.1064590327601
"1206"	0.994611200100425	-1.00782955698676
"1207"	0.0558176882421237	-3.999999999995
"1208"	0.277677916038619	-2.21343751789512
"1209"	0.00506566754995388	-3.999999999995
"1210"	1	1
"1211"	0.562133080943764	1.99245113051434
"1212"	0.300764963527143	-2.53344378342121
"1213"	0.636597365785121	-1.35494384932477
"1214"	0.515631986723943	-1.63298935836288
"1215"	0.000446341963200383	-99999.9999999
"1216"	0.00444497306521303	-3.999999999995
"1217"	0.878590233532587	-1.07825489727722
"1218"	0.508994776296146	-1.60485057992425
"1219"	0.0417489458853861	-13.1301704772296
"1220"	0.0417489458853861	-13.1301704772296
"1221"	0.0672737215108201	-3.999999999995
"1222"	0.557765442381839	-2.0075724977291
"1223"	0.00855097299726739	-95905.394119483
"1224"	0.00855097299726739	-95905.394119483
"1225"	0.056004395345044	-11.1064590327601
"1226"	0.187180133532107	-1.81830080176734
"1227"	0.557765442381839	-2.0075724977291
"1228"	0.690171253943851	1.38793193871927
"1229"	0.303582337454848	-3.0181374767518
"1230"	0.149464422759092	-3.999999999996
"1231"	0.118400247846622	-7.05943001848054
"1232"	0.558071033444338	-2.00650734008083
"1233"	0.243520279705081	-2.52651050572753
"1234"	0.674641286385357	-1.41218171167673
"1235"	0.990458186188008	-1.0090814163808
"1236"	0.72673188435803	-1.26325087579208
"1237"	0.0322530168996527	-15.1536320865382
"1238"	0.0130617390055558	-95382.1582313534
"1239"	0.0130617390055558	-95382.1582313534
"1240"	0.263984347943238	-2.52813069453936
"1241"	0.99045814252943	-1.00908160927917
"1242"	0.0998316791771555	-2.64135655589513
"1243"	0.00361577188590112	-14.1568096396691
"1244"	0.428692764614139	-1.67998973921682
"1245"	3.28796247276402e-05	-99999.9999999
"1246"	0.0583621789936606	-5.72108609879665
"1247"	0.645178826658389	-1.51589568150046
"1248"	0.214161428461937	2.97332646899981
"1249"	0.214161428461937	2.97332646899981
"1250"	0.229899527845069	4.96491993655108
"1251"	1	1
"1252"	0.17138972427815	-5.03788291247125
"1253"	1	1
"1254"	0.303741007636911	-3.01710429519882
"1255"	0.303741007636911	-3.01710429519882
"1256"	0.303741007636911	-3.01710429519882
"1257"	0.303741007636911	-3.01710429519882
"1258"	0.303741007636911	-3.01710429519882
"1259"	0.303741007636911	-3.01710429519882
"1260"	0.303741007636911	-3.01710429519882
"1261"	0.303741007636911	-3.01710429519882
"1262"	0.303741007636911	-3.01710429519882
"1263"	1	1
"1264"	1	1
"1265"	0.557765442381839	-2.0075724977291
"1266"	0.557765442381839	-2.0075724977291
"1267"	0.557765442381839	-2.0075724977291
"1268"	0.557765442381839	-2.0075724977291
"1269"	0.557765442381839	-2.0075724977291
"1270"	0.557765442381839	-2.0075724977291
"1271"	1	1
"1272"	0.534197095261458	1.85074344149488
"1273"	0.534197095261458	1.85074344149488
"1274"	0.117277186554992	6.94874152437856
"1275"	0.308577615847341	2.98538496873069
"1276"	0.308577615847341	2.98538496873069
"1277"	0.308946058815547	2.9830167543207
"1278"	0.704612086102576	1.5687942813304
"1279"	0.219538946993589	3.97660544245361
"1280"	0.9951407967395	-1.00705737028181
"1281"	0.9951407967395	-1.00705737028181
"1282"	0.561827192752385	1.99349927936813
"1283"	0.994139909866556	-1.00718214376776
"1284"	0.696751716066017	-1.58529336290251
"1285"	0.696751716066017	-1.58529336290251
"1286"	0.0136186288481697	8.91056137084496
"1287"	0.214161428461937	2.97332646899981
"1288"	0.214161428461937	2.97332646899981
"1289"	0.120887563143127	6.94610086500116
"1290"	0.620887194225832	1.65320284776638
"1291"	0.252897908651649	2.97411434840501
"1292"	0.183851059794824	3.63001890408459
"1293"	0.303741007636911	-3.01710429519882
"1294"	0.303741007636911	-3.01710429519882
"1295"	1	1
"1296"	0.557765442381839	-2.0075724977291
"1297"	0.557765442381839	-2.0075724977291
"1298"	0.557765442381839	-2.0075724977291
"1299"	0.557765442381839	-2.0075724977291
"1300"	0.704612086102576	1.5687942813304
"1301"	0.9951407967395	-1.00705737028181
"1302"	0.561827192752385	1.99349927936813
"1303"	0.402236144359407	-2.02197936266123
"1304"	0.369484942744872	2.31297443771781
"1305"	0.303741007636911	-3.01710429519882
"1306"	0.557765442381839	-2.0075724977291
"1307"	0.557765442381839	-2.0075724977291
"1308"	0.557765442381839	-2.0075724977291
"1309"	0.704612086102576	1.5687942813304
"1310"	0.9951407967395	-1.00705737028181
"1311"	0.557765442381839	-2.0075724977291
"1312"	0.704612086102576	1.5687942813304
"1313"	0.326413699304115	2.07513939547393
"1314"	1	1
"1315"	1	1
"1316"	1	1
"1317"	0.0967542944604974	-5.57632709787061
"1318"	0.562133080943764	1.99245113051434
"1319"	1	1
"1320"	0.715796775226005	1.31874283342448
"1321"	0.0407464899330714	-94166.7640842035
"1322"	1	1
"1323"	1	1
"1324"	1	1
"1325"	1	1
"1326"	1	1
"1327"	1	1
"1328"	1	1
"1329"	0.217372593846297	-4.0272844997005
"1330"	0.217372593846297	-4.0272844997005
"1331"	1	1
"1332"	0.525221076312933	-1.87489796523516
"1333"	0.525221076312933	-1.87489796523516
"1334"	0.561827192752385	1.99349927936813
"1335"	0.989573710613758	-1.01072703517978
"1336"	0.301382971996238	-3.03235593555444
"1337"	0.217372593846297	-4.0272844997005
"1338"	0.120887563143127	6.94610086500116
"1339"	1	1
"1340"	0.176617121611069	2.96748510470955
"1341"	0.301382971996238	-3.03235593555444
"1342"	0.217372593846297	-4.0272844997005
"1343"	0.225405697487884	-5.03526038493329
"1344"	7.20476815703241e-07	-99999.9999999
"1345"	0.0300045035438422	-13.1176079000391
"1346"	0.0021310243556183	-7.41088743349291
"1347"	0.453475267033073	1.78418702488264
"1348"	0.151214536988829	-1.79639940968037
"1349"	0.167405748962407	-2.07628811895062
"1350"	0.0417804208920466	-13.1233262172358
"1351"	0.000238698890140285	-99005.2486754831
"1352"	0.041584553798036	-6.96422416430956
"1353"	0.986350015308636	-1.00953546969918
"1354"	0.821165641338272	1.16300219514692
"1355"	0.00431753489991855	-96835.5454381796
"1356"	0.358671400678714	-1.90143714496675
"1357"	0.162643958428734	-2.08762583462644
"1358"	0.740368958467659	-1.23378460643566
"1359"	0.328227437869331	1.48462695860906
"1360"	9.13412261835303e-05	-99999.9070940993
"1361"	0.554637966606935	-2.01850595356829
"1362"	0.816573966869916	-1.20937568302195
"1363"	0.0459742132966723	-11.1021451825221
"1364"	0.121319008541309	-3.61655911569435
"1365"	0.000340646192664986	-99604.2958037257
"1366"	0.791447194711038	-1.13698129310927
"1367"	0.00825938699885811	-7.80621210734936
"1368"	0.704957329075296	1.26428265832596
"1369"	0.0015900014519942	-97249.8537004579
"1370"	0.418654729671395	-1.65510487453551
"1371"	0.00657824361568611	-11.9476369156531
"1372"	0.0119131253411182	-3.999999999995
"1373"	0.305346185935336	-2.02082344964263
"1374"	0.776229564331874	1.18740700262594
"1375"	0.00710801667869753	-95906.0365469491
"1376"	0.231284970713531	-1.7239404949483
"1377"	0.056004395345044	-11.1064590327601
"1378"	0.792079496071338	-1.17311152219686
"1379"	0.304903473883504	2.64480601475833
"1380"	0.361090420923491	2.76069114147003
"1381"	0.620608487140413	1.65385430828049
"1382"	0.566147875661537	1.98172281204739
"1383"	0.267403938830121	2.5831513958042
"1384"	0.992759978102745	-1.00814939474041
"1385"	0.490732941320754	-1.89338667643866
"1386"	0.01053677260992	-8.82924726798668
"1387"	0.011171379220997	-8.68862862227489
"1388"	0.0179094083055648	-7.63241523699166
"1389"	0.0194634727403835	-7.45948981173157
"1390"	0.030945398150439	-6.56228876082563
"1391"	0.0345168579279175	-6.36588835895021
"1392"	0.0966831109465063	-5.56934432477773
"1393"	0.115503165119679	-7.0511845073774
"1394"	0.115295070314089	-7.06337647855738
"1395"	0.115295070314089	-7.06337647855738
"1396"	0.139174278606634	-6.04181068936996
"1397"	0.138950668004735	-6.05176410315215
"1398"	0.171552264699927	-5.03253854128586
"1399"	0.171316981241459	-5.04027771598175
"1400"	0.171316981241459	-5.04027771598175
"1401"	0.171316981241459	-5.04027771598175
"1402"	0.171316981241459	-5.04027771598175
"1403"	0.171316981241459	-5.04027771598175
"1404"	0.171316981241459	-5.04027771598175
"1405"	0.171316981241459	-5.04027771598175
"1406"	0.217299655336753	-4.02900774461543
"1407"	0.217299655336753	-4.02900774461543
"1408"	0.217535546957	-4.0234382959389
"1409"	0.303582337454848	-3.0181374767518
"1410"	0.303582337454848	-3.0181374767518
"1411"	0.303582337454848	-3.0181374767518
"1412"	0.304096679657058	-3.01466055367332
"1413"	0.304096679657058	-3.01466055367332
"1414"	0.304096679657058	-3.01466055367332
"1415"	0.55762865614012	-2.00805403899717
"1416"	0.55762865614012	-2.00805403899717
"1417"	0.55762865614012	-2.00805403899717
"1418"	0.55762865614012	-2.00805403899717
"1419"	0.55762865614012	-2.00805403899717
"1420"	0.55762865614012	-2.00805403899717
"1421"	0.558071033444338	-2.00650734008083
"1422"	0.100018111000855	-3.999999999995
"1423"	0.1315010988279	-3.68412193469655
"1424"	0.704824197842792	1.56789636337882
"1425"	0.483575196568188	1.65450492429486
"1426"	0.711831581832455	1.32406415260387
"1427"	0.996111677737313	-1.0048854356073
"1428"	0.996111677737313	-1.0048854356073
"1429"	0.996111677737313	-1.0048854356073
"1430"	0.99497702640636	-1.00729607840637
"1431"	0.637579354482645	-1.53811072798496
"1432"	0.566147875661537	1.98172281204739
"1433"	0.566147875661537	1.98172281204739
"1434"	0.992759978102745	-1.00814939474041
"1435"	0.225162281887518	-5.03912905150827
"1436"	0.0676544944993203	-5.26375279810588
"1437"	0.138950668004735	-6.05176410315215
"1438"	0.171316981241459	-5.04027771598175
"1439"	0.303582337454848	-3.0181374767518
"1440"	0.303582337454848	-3.0181374767518
"1441"	0.303582337454848	-3.0181374767518
"1442"	0.303582337454848	-3.0181374767518
"1443"	0.55762865614012	-2.00805403899717
"1444"	0.55762865614012	-2.00805403899717
"1445"	0.558071033444338	-2.00650734008083
"1446"	0.414229374610374	1.98701274343438
"1447"	0.405265394842949	-2.01303112350506
"1448"	0.996111677737313	-1.0048854356073
"1449"	0.996111677737313	-1.0048854356073
"1450"	0.993648644466518	-1.00652088575547
"1451"	0.42303398587484	2.18238132993884
"1452"	0.0676544944993203	-5.26375279810588
"1453"	0.0676544944993203	-5.26375279810588
"1454"	0.304096679657058	-3.01466055367332
"1455"	0.55762865614012	-2.00805403899717
"1456"	0.558071033444338	-2.00650734008083
"1457"	0.260597036489255	2.48260937870349
"1458"	0.62021342241727	1.53381540642862
"1459"	0.996111677737313	-1.0048854356073
"1460"	0.217299655336753	-4.02900774461543
"1461"	0.0803564138636731	-5.00827367018346
"1462"	0.171552264699927	-5.03253854128586
"1463"	0.273975332091664	-1.47726627789491
"1464"	0.0788672394767251	-9.07318578359188
"1465"	0.00527743524972967	-8.08594230795085
"1466"	0.0154223848166901	-7.95258971036355
"1467"	0.0803564138636731	-5.00827367018346
"1468"	0.0585544482338714	-5.55606980637273
"1469"	0.0308450748924477	-6.56837452604593
"1470"	0.774720590788655	-1.16552529479307
"1471"	0.558071033444338	-2.00650734008083
"1472"	0.0716901666864704	-6.0675143150478
"1473"	0.113303487249536	-4.37390838078625
"1474"	0.00434383175738173	-96385.714673584
"1475"	0.259595462315423	-2.8025401141218
"1476"	0.064133471939225	-4.47405962209948
"1477"	0.0186584650120553	-5.55985565693954
"1478"	0.779270828671604	1.12098569329801
"1479"	0.0084696512748414	-7.72862689666352
"1480"	0.0172151521970762	-21.2282958593613
"1481"	0.00711177546964966	-95904.254276885
"1482"	0.171552264699927	-5.03253854128586
"1483"	0.171316981241459	-5.04027771598175
"1484"	0.24340540661541	-2.52703990212236
"1485"	0.288692757948357	2.1799758814084
"1486"	0.453475267033073	1.78418702488264
"1487"	0.704937540160452	1.5686619705766
"1488"	0.290693203885625	1.78078947052505
"1489"	0.674412072859484	-1.41254235911275
"1490"	0.225162281887518	-5.03912905150827
"1491"	0.0857209393437497	-5.05360225526326
"1492"	0.356417420046684	-2.24880829394434
"1493"	0.225162281887518	-5.03912905150827
"1494"	0.608353368689485	-1.68656184114396
"1495"	0.0317497306680091	-3.60942436469498
"1496"	0.0417410518518623	-13.1277348612167
"1497"	0.178748066531173	-3.67349256347624
"1498"	0.800408977196775	-1.12308405827397
"1499"	0.0314287305235605	-3.26842160034749
"1500"	0.314094514728735	-1.72096310088445
"1501"	0.171552264699927	-5.03253854128586
"1502"	0.901913059141516	1.0759072116379
"1503"	0.0226529115816399	-4.7995585776818
"1504"	0.162597878506607	3.33134450756968
"1505"	0.0185374876296973	-17.1530430847403
"1506"	0.0788672394767251	-9.07318578359188
"1507"	0.217299655336753	-4.02900774461543
"1508"	0.0660720922301403	-5.03491530788518
"1509"	0.714102117398938	-1.29699645727981
"1510"	0.30447066427949	-2.42072833127379
"1511"	0.51500004463838	-1.5157714109463
"1512"	0.00855097299726739	-95905.394119483
"1513"	0.0660720922301403	-5.03491530788518
"1514"	0.241086980331307	-3.48684696130991
"1515"	0.175572541805988	-2.62403842782992
"1516"	0.0547426236596393	-2.69607827895027
"1517"	0.0407464899330714	-94166.7640842035
"1518"	0.00358949388434551	-9.5359005837372
"1519"	0.305346185935336	-2.02082344964263
"1520"	0.171552264699927	-5.03253854128586
"1521"	0.517713405957229	-1.51174015359429
"1522"	0.0417217685351363	-13.1331512965412
"1523"	0.00937498389267089	-21.2257839848392
"1524"	0.00937498389267089	-21.2257839848392
"1525"	0.000403835863718977	-99008.4950044213
"1526"	0.0972332855159369	4.29555836742699
"1527"	0.566147875661537	1.98172281204739
"1528"	0.696666861011238	-1.33740010850746
"1529"	0.0241763184078494	-4.07793660868818
"1530"	0.12177825176863	-2.41573045381237
"1531"	0.000743592791943011	-98005.0315979987
"1532"	0.769979877957145	1.28249864670636
"1533"	0.0324016957315524	-13.1318726108548
"1534"	0.303582337454848	-3.0181374767518
"1535"	0.11849202446343	-7.05410712105509
"1536"	0.11849202446343	-7.05410712105509
"1537"	0.154481682476142	-3.40877226822089
"1538"	0.359641165851427	-2.35236138459523
"1539"	0.351857413028158	-2.81244369036004
"1540"	0.33189238227851	-1.87412378025363
"1541"	0.259303867549116	1.69599126150981
"1542"	0.512184442140865	1.55675042547895
"1543"	0.0685594449335677	3.999999999995
"1544"	0.032473911317749	-13.1146087792154
"1545"	0.11849202446343	-7.05410712105509
"1546"	0.11849202446343	-7.05410712105509
"1547"	0.351857413028158	-2.81244369036004
"1548"	0.0216278604202384	-7.73859733703929
"1549"	0.715796775226005	1.31874283342448
"1550"	0.0496801449538068	-6.39515703593244
"1551"	0.000254424094272616	-99599.4619639715
"1552"	0.829705046876051	1.10680169468929
"1553"	5.10750891440003e-09	-99999.9999999
"1554"	0.0125505060361691	-6.64569989492247
"1555"	0.619158715141684	-1.29255913015738
"1556"	0.609692014589796	-1.67986980595072
"1557"	0.987771763862884	-1.01089646570168
"1558"	0.021680232975097	-94806.288801088
"1559"	0.171415963525862	-2.60028415622515
"1560"	8.0661625373268e-05	-10.1981426373806
"1561"	0.0605405327699492	-4.04210337383857
"1562"	0.555655979797693	1.43106101868409
"1563"	0.0787245204253014	-9.08573297825142
"1564"	0.119553250270004	-3.69910651520631
"1565"	0.987506628818998	-1.00948744467332
"1566"	0.989963337354636	-1.00979795832627
"1567"	0.0023537530508577	-31.3405979822602
"1568"	0.0071147217620602	-95903.5422150288
"1569"	0.161601834913845	-4.04234457530529
"1570"	0.988571695019615	-1.00959608741412
"1571"	0.0071147217620602	-95903.5422150288
"1572"	0.0787467161928804	-9.08309142516303
"1573"	0.0788176093636432	-9.07894810365976
"1574"	0.996111677737313	-1.0048854356073
"1575"	0.35257665212588	-2.04341929605365
"1576"	0.844229834042584	-1.12934706645979
"1577"	0.0146739208070413	-17.1593680491559
"1578"	0.235152242033438	-2.80501857350449
"1579"	0.000153620283740634	-99314.8547021134
"1580"	0.114295193457642	-5.05493329136957
"1581"	0.0582592408465164	-3.31783593371809
"1582"	0.0240691021297394	-15.1427562768631
"1583"	0.0959259275604697	-5.04792725030738
"1584"	0.000873689309345644	-6.21754515488465
"1585"	5.31329343410203e-05	-99999.9923100404
"1586"	0.0696544934439785	-3.70672026625137
"1587"	0.0966577620736998	-2.88298983052946
"1588"	0.000698856358924288	-43.4269963569954
"1589"	0.110387365065459	-5.0406136939941
"1590"	0.0245422544214935	-8.41651207882901
"1591"	0.878011974787945	1.08841106509856
"1592"	0.00567541866566126	-6.46012795854967
"1593"	0.000712041862872863	-15.1619368427319
"1594"	0.373424681226527	1.71090570840536
"1595"	0.65188346096199	-1.21259216461849
"1596"	0.512015880914661	1.55702344836642
"1597"	0.11832993471605	-7.06221712677433
"1598"	0.732607031572716	1.2745166613858
"1599"	0.908664108494989	-1.11002971831686
"1600"	0.803085806148838	1.14278241963317
"1601"	0.137709490298472	-3.69994684283581
"1602"	0.370981213303554	1.76438678469963
"1603"	0.854862649100692	1.07931106772984
"1604"	0.0129406968202571	9.57069520202079
"1605"	0.0630868311944344	3.76359571180118
"1606"	0.114595264658976	2.97183700865814
"1607"	0.352892944664987	2.47320783515949
"1608"	0.45365365883052	1.78378015487804
"1609"	0.270790687373419	1.8707900462739
"1610"	0.453475267033073	1.78418702488264
"1611"	0.21392936232087	2.97488983977773
"1612"	0.803247829888098	1.14265440858152
"1613"	0.453475267033073	1.78418702488264
"1614"	0.991124869193635	-1.01118580730647
"1615"	0.992474758686882	-1.00847173559627
"1616"	0.690416769471683	1.38755144029633
"1617"	0.453292832591595	1.7845992152507
"1618"	0.0805773344340666	-5.00410655021016
"1619"	0.0803564138636731	-5.00827367018346
"1620"	0.225162281887518	-5.03912905150827
"1621"	0.55762865614012	-2.00805403899717
"1622"	0.225405697487884	-5.03526038493329
"1623"	0.225405697487884	-5.03526038493329
"1624"	0.459163106051638	2.18082379375113
"1625"	0.504123717423859	1.78457930431339
"1626"	0.689943132742154	1.38828145157443
"1627"	0.992752839291957	-1.00815748962715
"1628"	0.992185930224641	-1.00879825764403
"1629"	0.554637966606935	-2.01850595356829
"1630"	0.609815944560968	-1.67957369400734
"1631"	0.609815944560968	-1.67957369400734
"1632"	0.372036785768706	1.73137827530653
"1633"	0.214044641593862	2.97411361401402
"1634"	0.0848573736505634	2.74976876614585
"1635"	0.123859979698353	3.63445025879104
"1636"	0.690416769471683	1.38755144029633
"1637"	0.690416769471683	1.38755144029633
"1638"	0.992474758686882	-1.00847173559627
"1639"	0.566147875661537	1.98172281204739
"1640"	0.992474758686882	-1.00847173559627
"1641"	0.225405697487884	-5.03526038493329
"1642"	0.225162281887518	-5.03912905150827
"1643"	0.225405697487884	-5.03526038493329
"1644"	0.554637966606935	-2.01850595356829
"1645"	0.554637966606935	-2.01850595356829
"1646"	0.992752839291957	-1.00815748962715
"1647"	0.417304646637862	1.97823967590391
"1648"	0.13091829923999	3.63525461007016
"1649"	0.871310200237414	-1.19040566495619
"1650"	0.69017843509535	1.38792045952548
"1651"	0.988988743003664	-1.00924326217771
"1652"	0.554637966606935	-2.01850595356829
"1653"	0.987701334026489	-1.00933889329905
"1654"	0.00820952552704395	8.51419080764774
"1655"	0.243624549938635	2.12328489062768
"1656"	0.697032351481187	-1.40265715096112
"1657"	0.285177413847015	-2.2451014374399
"1658"	0.149460129912383	-3.03325848294929
"1659"	0.0085557148655781	-95904.3263086231
"1660"	0.330931224836074	-1.94512425084518
"1661"	0.760471043069228	1.14844911254674
"1662"	0.00312451212993433	-29.2900694929531
"1663"	0.0206629954657497	-9.10000137049318
"1664"	0.127098557237541	-2.6968244270674
"1665"	0.0264987468900084	-8.08607471267365
"1666"	0.480875204718963	-1.57350192578303
"1667"	0.6943455688881	-1.3479045578351
"1668"	0.0117047184626071	-95382.0303045961
"1669"	0.35955886807628	-2.35268723496714
"1670"	0.558071033444338	-2.00650734008083
"1671"	0.118450381897368	-7.05690048419961
"1672"	0.359456209494196	-2.35310508957363
"1673"	0.359456209494196	-2.35310508957363
"1674"	0.674641286385357	-1.41218171167673
"1675"	0.161499225357106	-4.04420599699492
"1676"	0.118450381897368	-7.05690048419961
"1677"	0.118450381897368	-7.05690048419961
"1678"	0.0118751785955736	-19.1973553114875
"1679"	0.118348563363936	-7.06097983519403
"1680"	5.11816353707021e-05	-99999.9779414831
"1681"	0.340089368601313	1.31934949816421
"1682"	0.378955324950028	-1.45975544036838
"1683"	0.787355675011701	-1.14453699187697
"1684"	0.175258882141848	-2.13102597617014
"1685"	0.0216920585275414	-94805.3279309157
"1686"	0.55004056483577	-1.41548121074664
"1687"	0.0716952142442308	-6.06689779485858
"1688"	0.0378218474636455	-3.23407435918472
"1689"	0.703976885242071	1.35265302422241
"1690"	0.112073066637188	-3.35876252380443
"1691"	0.0684871634030868	-2.35899564982179
"1692"	0.00468602428604155	-3.999999999995
"1693"	0.353524222114338	-1.76867356726146
"1694"	0.0107828215004346	-19.1822749611832
"1695"	0.083688770246382	-2.58140183038352
"1696"	0.0422962123165548	-3.999999999995
"1697"	0.843468477718375	1.16137361588866
"1698"	0.589947029323017	1.35089796464484
"1699"	0.00326623773062299	-96832.2966003468
"1700"	0.713899609342504	-1.29724355676452
"1701"	0.0300045035438422	-13.1176079000391
"1702"	0.0210352320653638	-15.1395920844827
"1703"	0.787672172164375	-1.28762096582981
"1704"	0.013618446730429	-3.78930546177754
"1705"	0.0007393833157565	-98354.5441039031
"1706"	0.0164917890207882	-6.57282774618658
"1707"	0.536966381311128	1.30282934302847
"1708"	0.630245353892439	-1.24791525251321
"1709"	0.000180259257803885	-99602.1083048898
"1710"	0.119791409621951	2.97040634372083
"1711"	0.0218231350348652	-4.09628427071174
"1712"	0.0153147689919774	-8.9512592016361
"1713"	0.0520224955159658	-2.95146550675067
"1714"	0.0748505149350986	-4.04516191258855
"1715"	0.0582376358982747	4.20464819574149
"1716"	0.491385231658364	1.38641017502267
"1717"	0.11832993471605	-7.06221712677433
"1718"	0.0407464899330714	-94166.7640842035
"1719"	0.303582337454848	-3.0181374767518
"1720"	0.0130672319879102	-95381.3801842422
"1721"	0.301382971996238	-3.03235593555444
"1722"	0.726781679311085	-1.31420088527328
"1723"	0.186685391052997	-2.83708624196118
"1724"	0.0460010440227661	-11.0982811979805
"1725"	0.0460010440227661	-11.0982811979805
"1726"	0.536845796378827	1.48390068109671
"1727"	0.713478528219355	-1.2977621466758
"1728"	0.0460010440227661	-11.0982811979805
"1729"	0.13781608526308	-3.6999524388265
"1730"	0.229899527845069	4.96491993655108
"1731"	0.229899527845069	4.96491993655108
"1732"	0.0474481556272207	10.904821068495
"1733"	0.120887563143127	6.94610086500116
"1734"	0.120887563143127	6.94610086500116
"1735"	0.120929709446478	6.94334863161969
"1736"	0.120887563143127	6.94610086500116
"1737"	0.120887563143127	6.94610086500116
"1738"	0.120887563143127	6.94610086500116
"1739"	0.0576437325442008	10.9075276647385
"1740"	0.662379411353123	1.48380388513755
"1741"	0.225330383190005	-5.03645618902099
"1742"	0.562133080943764	1.99245113051434
"1743"	0.561827192752385	1.99349927936813
"1744"	0.561827192752385	1.99349927936813
"1745"	0.561827192752385	1.99349927936813
"1746"	0.308577615847341	2.98538496873069
"1747"	0.308946058815547	2.9830167543207
"1748"	0.308946058815547	2.9830167543207
"1749"	0.219702135675022	3.9728269949725
"1750"	0.219538946993589	3.97660544245361
"1751"	0.117422218482224	6.94048503912711
"1752"	0.0695053955652626	5.22143204989332
"1753"	0.871111668726244	-1.19073034207521
"1754"	0.439477037410297	-1.81631329222004
"1755"	0.229899527845069	4.96491993655108
"1756"	0.229899527845069	4.96491993655108
"1757"	0.120929709446478	6.94334863161969
"1758"	0.120929709446478	6.94334863161969
"1759"	0.120929709446478	6.94334863161969
"1760"	0.00380027583602637	28.7219162820883
"1761"	0.0807948339456626	8.92697157875422
"1762"	0.0576924854619772	10.8989981040168
"1763"	0.308577615847341	2.98538496873069
"1764"	0.308577615847341	2.98538496873069
"1765"	0.141078458750047	5.95818155312989
"1766"	0.098853449706893	5.82289387296477
"1767"	0.219538946993589	3.97660544245361
"1768"	0.219538946993589	3.97660544245361
"1769"	0.219538946993589	3.97660544245361
"1770"	0.609692014589796	-1.67986980595072
"1771"	0.229899527845069	4.96491993655108
"1772"	0.229899527845069	4.96491993655108
"1773"	0.0718127215172309	8.92415901701755
"1774"	0.0718127215172309	8.92415901701755
"1775"	0.561827192752385	1.99349927936813
"1776"	0.561827192752385	1.99349927936813
"1777"	0.308577615847341	2.98538496873069
"1778"	0.308577615847341	2.98538496873069
"1779"	0.308577615847341	2.98538496873069
"1780"	0.173553313225432	4.96748916397376
"1781"	0.00482006832071287	24.7556282924063
"1782"	0.173553313225432	4.96748916397376
"1783"	0.308577615847341	2.98538496873069
"1784"	0.120929709446478	6.94334863161969
"1785"	0.0879888652451479	-4.37420722555712
"1786"	0.561827192752385	1.99349927936813
